,itv_start,itv_end,name,itv_level
0,26.25,2533.786109375,ml_eeg_active,0
1,2533.787109375,2895.536109375,ml_eeg_deep_sleep,-3
2,2895.537109375,2906.07321875,ml_eeg_active,0
3,2906.07421875,2914.07321875,ml_eeg_light_sleep,-2
4,2914.07421875,3270.07321875,ml_eeg_deep_sleep,-3
5,3270.07421875,3283.827125,ml_eeg_rem_sleep,-1
6,3283.828125,3286.2880625,ml_eeg_active,0
7,3286.2890625,3298.2880625,ml_eeg_light_sleep,-2
8,3298.2890625,3550.2880625,ml_eeg_deep_sleep,-3
9,3550.2890625,3557.6943125,ml_eeg_rem_sleep,-1
10,3557.6953125,3564.608375,ml_eeg_active,0
11,3564.609375,3576.608375,ml_eeg_light_sleep,-2
12,3576.609375,3656.313453125,ml_eeg_deep_sleep,-3
13,3656.314453125,3976.31540625,ml_eeg_active,0
14,3976.31640625,3984.31540625,ml_eeg_deep_sleep,-3
15,3984.31640625,4006.313453125,ml_eeg_light_sleep,-2
16,4006.314453125,4108.81540625,ml_eeg_active,0
17,4108.81640625,4388.81540625,ml_eeg_deep_sleep,-3
18,4388.81640625,4404.81540625,ml_eeg_rem_sleep,-1
19,4404.81640625,4416.81540625,ml_eeg_light_sleep,-2
20,4416.81640625,4503.82321875,ml_eeg_deep_sleep,-3
21,4503.82421875,4526.325171875,ml_eeg_active,0
22,4526.326171875,4553.82321875,ml_eeg_deep_sleep,-3
23,4553.82421875,4573.825171875,ml_eeg_active,0
24,4573.826171875,4581.825171875,ml_eeg_light_sleep,-2
25,4581.826171875,4721.825171875,ml_eeg_deep_sleep,-3
26,4721.826171875,4733.825171875,ml_eeg_light_sleep,-2
27,4733.826171875,4869.825171875,ml_eeg_deep_sleep,-3
28,4869.826171875,4886.454078125,ml_eeg_rem_sleep,-1
29,4886.455078125,4891.5615,ml_eeg_active,0
30,4891.5625,4899.5615,ml_eeg_light_sleep,-2
31,4899.5625,4979.5615,ml_eeg_deep_sleep,-3
32,4979.5625,5059.5615,ml_eeg_rem_sleep,-1
33,5059.5625,5103.5615,ml_eeg_light_sleep,-2
34,5103.5625,5118.832984375,ml_eeg_deep_sleep,-3
35,5118.833984375,5233.844703125,ml_eeg_active,0
36,5233.845703125,5237.844703125,ml_eeg_light_sleep,-2
37,5237.845703125,5387.704078125,ml_eeg_deep_sleep,-3
38,5387.705078125,5395.13571875,ml_eeg_active,0
39,5395.13671875,5403.13571875,ml_eeg_light_sleep,-2
40,5403.13671875,5443.13571875,ml_eeg_deep_sleep,-3
41,5443.13671875,5456.34275,ml_eeg_light_sleep,-2
42,5456.34375,5508.844703125,ml_eeg_active,0
43,5508.845703125,5556.34275,ml_eeg_deep_sleep,-3
44,5556.34375,5576.344703125,ml_eeg_active,0
45,5576.345703125,5580.344703125,ml_eeg_light_sleep,-2
46,5580.345703125,5740.344703125,ml_eeg_deep_sleep,-3
47,5740.345703125,5801.352515625,ml_eeg_rem_sleep,-1
48,5801.353515625,5988.85446875,ml_eeg_active,0
49,5988.85546875,6370.233375,ml_eeg_deep_sleep,-3
50,6370.234375,6376.15134375,ml_eeg_active,0
51,6376.15234375,6388.15134375,ml_eeg_light_sleep,-2
52,6388.15234375,6493.86228125,ml_eeg_deep_sleep,-3
53,6493.86328125,6633.864234375,ml_eeg_active,0
54,6633.865234375,6641.864234375,ml_eeg_light_sleep,-2
55,6641.865234375,6752.983375,ml_eeg_deep_sleep,-3
56,6752.984375,6768.983375,ml_eeg_light_sleep,-2
57,6768.984375,6828.983375,ml_eeg_deep_sleep,-3
58,6828.984375,6938.872046875,ml_eeg_rem_sleep,-1
59,6938.873046875,10003.93259375,ml_eeg_active,0
60,10003.93359375,10007.93259375,ml_eeg_light_sleep,-2
61,10007.93359375,10076.430640625,ml_eeg_deep_sleep,-3
62,10076.431640625,10883.952125,ml_eeg_active,0
63,10883.953125,11378.9599375,ml_eeg_deep_sleep,-3
64,11378.9609375,13048.9911875,ml_eeg_active,0
65,13048.9921875,13676.499,ml_eeg_deep_sleep,-3
66,13676.5,14246.51071875,ml_eeg_active,0
67,14246.51171875,14514.01853125,ml_eeg_deep_sleep,-3
68,14514.01953125,14534.020484375,ml_eeg_active,0
69,14534.021484375,14538.020484375,ml_eeg_light_sleep,-2
70,14538.021484375,14751.51853125,ml_eeg_deep_sleep,-3
71,14751.51953125,14779.020484375,ml_eeg_active,0
72,14779.021484375,14795.020484375,ml_eeg_deep_sleep,-3
73,14795.021484375,14820.938453125,ml_eeg_light_sleep,-2
74,14820.939453125,14838.358375,ml_eeg_deep_sleep,-3
75,14838.359375,14848.309546875,ml_eeg_active,0
76,14848.310546875,14852.309546875,ml_eeg_light_sleep,-2
77,14852.310546875,14988.309546875,ml_eeg_deep_sleep,-3
78,14988.310546875,15004.309546875,ml_eeg_light_sleep,-2
79,15004.310546875,15152.309546875,ml_eeg_deep_sleep,-3
80,15152.310546875,15184.028296875,ml_eeg_rem_sleep,-1
81,15184.029296875,15536.540015625,ml_eeg_active,0
82,15536.541015625,15649.0380625,ml_eeg_deep_sleep,-3
83,15649.0390625,15671.540015625,ml_eeg_active,0
84,15671.541015625,15741.5380625,ml_eeg_deep_sleep,-3
85,15741.5390625,15761.540015625,ml_eeg_active,0
86,15761.541015625,15845.540015625,ml_eeg_deep_sleep,-3
87,15845.541015625,15871.5380625,ml_eeg_rem_sleep,-1
88,15871.5390625,17106.5693125,ml_eeg_active,0
89,17106.5703125,17169.067359375,ml_eeg_deep_sleep,-3
90,17169.068359375,17189.0693125,ml_eeg_active,0
91,17189.0703125,17565.0693125,ml_eeg_deep_sleep,-3
92,17565.0703125,17577.0693125,ml_eeg_rem_sleep,-1
93,17577.0703125,17581.0693125,ml_eeg_deep_sleep,-3
94,17581.0703125,17586.577125,ml_eeg_light_sleep,-2
95,17586.578125,18336.58884375,ml_eeg_active,0
96,18336.58984375,18569.086890625,ml_eeg_deep_sleep,-3
97,18569.087890625,18589.098609375,ml_eeg_active,0
98,18589.099609375,18593.098609375,ml_eeg_light_sleep,-2
99,18593.099609375,18953.098609375,ml_eeg_deep_sleep,-3
100,18953.099609375,19029.09665625,ml_eeg_rem_sleep,-1
101,19029.09765625,19341.608375,ml_eeg_active,0
102,19341.609375,19795.19040625,ml_eeg_deep_sleep,-3
103,19795.19140625,19811.19040625,ml_eeg_light_sleep,-2
104,19811.19140625,19963.19040625,ml_eeg_deep_sleep,-3
105,19963.19140625,20019.1161875,ml_eeg_rem_sleep,-1
106,20019.1171875,20069.118140625,ml_eeg_active,0
107,20069.119140625,20073.118140625,ml_eeg_light_sleep,-2
108,20073.119140625,20084.1161875,ml_eeg_deep_sleep,-3
109,20084.1171875,20119.118140625,ml_eeg_active,0
110,20119.119140625,20271.118140625,ml_eeg_deep_sleep,-3
111,20271.119140625,20277.98728125,ml_eeg_rem_sleep,-1
112,20277.98828125,20281.69821875,ml_eeg_active,0
113,20281.69921875,20289.69821875,ml_eeg_light_sleep,-2
114,20289.69921875,20397.69821875,ml_eeg_deep_sleep,-3
115,20397.69921875,20433.69821875,ml_eeg_rem_sleep,-1
116,20433.69921875,20473.60446875,ml_eeg_light_sleep,-2
117,20473.60546875,20493.60446875,ml_eeg_deep_sleep,-3
118,20493.60546875,20509.60446875,ml_eeg_light_sleep,-2
119,20509.60546875,20529.60446875,ml_eeg_deep_sleep,-3
120,20529.60546875,20541.60446875,ml_eeg_light_sleep,-2
121,20541.60546875,20614.125953125,ml_eeg_deep_sleep,-3
122,20614.126953125,20989.137671875,ml_eeg_active,0
123,20989.138671875,21009.137671875,ml_eeg_light_sleep,-2
124,21009.138671875,21205.137671875,ml_eeg_deep_sleep,-3
125,21205.138671875,21213.137671875,ml_eeg_rem_sleep,-1
126,21213.138671875,21229.137671875,ml_eeg_light_sleep,-2
127,21229.138671875,21357.137671875,ml_eeg_deep_sleep,-3
128,21357.138671875,21404.145484375,ml_eeg_rem_sleep,-1
129,21404.146484375,21541.6474375,ml_eeg_active,0
130,21541.6484375,21703.9286875,ml_eeg_deep_sleep,-3
131,21703.9296875,21839.15525,ml_eeg_rem_sleep,-1
132,21839.15625,21881.657203125,ml_eeg_active,0
133,21881.658203125,21949.15525,ml_eeg_deep_sleep,-3
134,21949.15625,21996.657203125,ml_eeg_active,0
135,21996.658203125,22004.657203125,ml_eeg_light_sleep,-2
136,22004.658203125,22171.65525,ml_eeg_deep_sleep,-3
137,22171.65625,22229.16696875,ml_eeg_active,0
138,22229.16796875,22233.16696875,ml_eeg_light_sleep,-2
139,22233.16796875,22469.165015625,ml_eeg_deep_sleep,-3
140,22469.166015625,22486.66696875,ml_eeg_active,0
141,22486.66796875,22538.66696875,ml_eeg_deep_sleep,-3
142,22538.66796875,22586.66696875,ml_eeg_rem_sleep,-1
143,22586.66796875,22593.53415625,ml_eeg_light_sleep,-2
144,22593.53515625,22599.520484375,ml_eeg_active,0
145,22599.521484375,22623.520484375,ml_eeg_light_sleep,-2
146,22623.521484375,22684.165015625,ml_eeg_deep_sleep,-3
147,22684.166015625,22996.676734375,ml_eeg_active,0
148,22996.677734375,23220.676734375,ml_eeg_deep_sleep,-3
149,23220.677734375,23232.676734375,ml_eeg_light_sleep,-2
150,23232.677734375,23292.676734375,ml_eeg_deep_sleep,-3
151,23292.677734375,23304.676734375,ml_eeg_light_sleep,-2
152,23304.677734375,23372.676734375,ml_eeg_deep_sleep,-3
153,23372.677734375,23436.684546875,ml_eeg_rem_sleep,-1
154,23436.685546875,23651.6865,ml_eeg_active,0
155,23651.6875,24029.874,ml_eeg_deep_sleep,-3
156,24029.875,24045.874,ml_eeg_light_sleep,-2
157,24045.875,24193.874,ml_eeg_deep_sleep,-3
158,24193.875,24241.6943125,ml_eeg_rem_sleep,-1
159,24241.6953125,24441.70603125,ml_eeg_active,0
160,24441.70703125,24577.70603125,ml_eeg_deep_sleep,-3
161,24577.70703125,24585.70603125,ml_eeg_rem_sleep,-1
162,24585.70703125,24601.70603125,ml_eeg_light_sleep,-2
163,24601.70703125,24661.70603125,ml_eeg_deep_sleep,-3
164,24661.70703125,24761.4443125,ml_eeg_rem_sleep,-1
165,24761.4453125,24765.536109375,ml_eeg_active,0
166,24765.537109375,24777.536109375,ml_eeg_light_sleep,-2
167,24777.537109375,24786.71384375,ml_eeg_deep_sleep,-3
168,24786.71484375,24904.215796875,ml_eeg_active,0
169,24904.216796875,24926.71384375,ml_eeg_light_sleep,-2
170,24926.71484375,29606.8036875,ml_eeg_active,0
171,29606.8046875,29659.301734375,ml_eeg_deep_sleep,-3
172,29659.302734375,29676.8036875,ml_eeg_active,0
173,29676.8046875,29721.801734375,ml_eeg_deep_sleep,-3
174,29721.802734375,29744.3036875,ml_eeg_active,0
175,29744.3046875,29936.3036875,ml_eeg_deep_sleep,-3
176,29936.3046875,29952.3036875,ml_eeg_light_sleep,-2
177,29952.3046875,30174.3115,ml_eeg_deep_sleep,-3
178,30174.3125,30214.313453125,ml_eeg_active,0
179,30214.314453125,30661.235328125,ml_eeg_deep_sleep,-3
180,30661.236328125,30685.235328125,ml_eeg_rem_sleep,-1
181,30685.236328125,31153.235328125,ml_eeg_deep_sleep,-3
182,31153.236328125,31196.83103125,ml_eeg_rem_sleep,-1
183,31196.83203125,31706.84275,ml_eeg_active,0
184,31706.84375,31721.840796875,ml_eeg_light_sleep,-2
185,31721.841796875,31854.34275,ml_eeg_active,0
186,31854.34375,32338.34275,ml_eeg_deep_sleep,-3
187,32338.34375,32371.8505625,ml_eeg_rem_sleep,-1
188,32371.8515625,32391.852515625,ml_eeg_active,0
189,32391.853515625,32523.852515625,ml_eeg_deep_sleep,-3
190,32523.853515625,32583.852515625,ml_eeg_rem_sleep,-1
191,32583.853515625,32603.852515625,ml_eeg_light_sleep,-2
192,32603.853515625,32744.360328125,ml_eeg_deep_sleep,-3
193,32744.361328125,32761.86228125,ml_eeg_active,0
194,32761.86328125,32957.86228125,ml_eeg_deep_sleep,-3
195,32957.86328125,32973.86228125,ml_eeg_rem_sleep,-1
196,32973.86328125,32993.86228125,ml_eeg_light_sleep,-2
197,32993.86328125,33009.360328125,ml_eeg_deep_sleep,-3
198,33009.361328125,33146.872046875,ml_eeg_active,0
199,33146.873046875,33342.872046875,ml_eeg_deep_sleep,-3
200,33342.873046875,33354.872046875,ml_eeg_light_sleep,-2
201,33354.873046875,33438.872046875,ml_eeg_deep_sleep,-3
202,33438.873046875,33574.379859375,ml_eeg_rem_sleep,-1
203,33574.380859375,33609.3818125,ml_eeg_active,0
204,33609.3828125,33617.3818125,ml_eeg_light_sleep,-2
205,33617.3828125,34073.3818125,ml_eeg_deep_sleep,-3
206,34073.3828125,34089.3818125,ml_eeg_light_sleep,-2
207,34089.3828125,34157.3818125,ml_eeg_deep_sleep,-3
208,34157.3828125,34161.3818125,ml_eeg_rem_sleep,-1
209,34161.3828125,34185.3818125,ml_eeg_light_sleep,-2
210,34185.3828125,34237.3818125,ml_eeg_deep_sleep,-3
211,34237.3828125,34285.3818125,ml_eeg_rem_sleep,-1
212,34285.3828125,34309.3818125,ml_eeg_light_sleep,-2
213,34309.3828125,34337.3818125,ml_eeg_deep_sleep,-3
214,34337.3828125,34353.3818125,ml_eeg_light_sleep,-2
215,34353.3828125,34521.3818125,ml_eeg_deep_sleep,-3
216,34521.3828125,34533.3818125,ml_eeg_light_sleep,-2
217,34533.3828125,34605.3818125,ml_eeg_deep_sleep,-3
218,34605.3828125,34629.3818125,ml_eeg_light_sleep,-2
219,34629.3828125,34641.899390625,ml_eeg_deep_sleep,-3
220,34641.900390625,34829.40134375,ml_eeg_active,0
221,34829.40234375,34833.40134375,ml_eeg_light_sleep,-2
222,34833.40234375,34871.899390625,ml_eeg_deep_sleep,-3
223,34871.900390625,34889.40134375,ml_eeg_active,0
224,34889.40234375,34929.399390625,ml_eeg_deep_sleep,-3
225,34929.400390625,34946.90134375,ml_eeg_active,0
226,34946.90234375,35071.899390625,ml_eeg_deep_sleep,-3
227,35071.900390625,35096.911109375,ml_eeg_active,0
228,35096.912109375,35248.911109375,ml_eeg_deep_sleep,-3
229,35248.912109375,35280.911109375,ml_eeg_rem_sleep,-1
230,35280.912109375,35304.911109375,ml_eeg_light_sleep,-2
231,35304.912109375,35324.911109375,ml_eeg_deep_sleep,-3
232,35324.912109375,35336.911109375,ml_eeg_light_sleep,-2
233,35336.912109375,35452.911109375,ml_eeg_deep_sleep,-3
234,35452.912109375,35472.911109375,ml_eeg_rem_sleep,-1
235,35472.912109375,35501.90915625,ml_eeg_light_sleep,-2
236,35501.91015625,35569.411109375,ml_eeg_active,0
237,35569.412109375,35617.411109375,ml_eeg_deep_sleep,-3
238,35617.412109375,35629.411109375,ml_eeg_light_sleep,-2
239,35629.412109375,35661.411109375,ml_eeg_deep_sleep,-3
240,35661.412109375,35673.411109375,ml_eeg_light_sleep,-2
241,35673.412109375,35709.411109375,ml_eeg_deep_sleep,-3
242,35709.412109375,35721.411109375,ml_eeg_light_sleep,-2
243,35721.412109375,35761.411109375,ml_eeg_deep_sleep,-3
244,35761.412109375,35841.411109375,ml_eeg_rem_sleep,-1
245,35841.412109375,35848.485328125,ml_eeg_light_sleep,-2
246,35848.486328125,35856.649390625,ml_eeg_active,0
247,35856.650390625,35880.649390625,ml_eeg_light_sleep,-2
248,35880.650390625,35920.649390625,ml_eeg_deep_sleep,-3
249,35920.650390625,35932.649390625,ml_eeg_light_sleep,-2
250,35932.650390625,35956.918921875,ml_eeg_deep_sleep,-3
251,35956.919921875,39019.47946875,ml_eeg_active,0
252,39019.48046875,39143.47946875,ml_eeg_deep_sleep,-3
253,39143.48046875,39155.47946875,ml_eeg_light_sleep,-2
254,39155.48046875,39458.670875,ml_eeg_deep_sleep,-3
255,39458.671875,39463.270484375,ml_eeg_active,0
256,39463.271484375,39475.270484375,ml_eeg_light_sleep,-2
257,39475.271484375,39689.48728125,ml_eeg_deep_sleep,-3
258,39689.48828125,39724.489234375,ml_eeg_active,0
259,39724.490234375,39848.489234375,ml_eeg_deep_sleep,-3
260,39848.490234375,39860.489234375,ml_eeg_rem_sleep,-1
261,39860.490234375,39884.489234375,ml_eeg_light_sleep,-2
262,39884.490234375,40014.497046875,ml_eeg_deep_sleep,-3
263,40014.498046875,40031.999,ml_eeg_active,0
264,40032.0,40055.999,ml_eeg_deep_sleep,-3
265,40056.0,40071.999,ml_eeg_light_sleep,-2
266,40072.0,40186.161109375,ml_eeg_deep_sleep,-3
267,40186.162109375,40191.795875,ml_eeg_active,0
268,40191.796875,40211.795875,ml_eeg_light_sleep,-2
269,40211.796875,40331.795875,ml_eeg_deep_sleep,-3
270,40331.796875,40387.0068125,ml_eeg_rem_sleep,-1
271,40387.0078125,41412.028296875,ml_eeg_active,0
272,41412.029296875,41804.028296875,ml_eeg_deep_sleep,-3
273,41804.029296875,41822.489234375,ml_eeg_rem_sleep,-1
274,41822.490234375,41831.85446875,ml_eeg_active,0
275,41831.85546875,41847.85446875,ml_eeg_light_sleep,-2
276,41847.85546875,42183.85446875,ml_eeg_deep_sleep,-3
277,42183.85546875,42195.85446875,ml_eeg_light_sleep,-2
278,42195.85546875,42237.036109375,ml_eeg_deep_sleep,-3
279,42237.037109375,42282.0380625,ml_eeg_active,0
280,42282.0390625,42372.045875,ml_eeg_deep_sleep,-3
281,42372.046875,42394.547828125,ml_eeg_active,0
282,42394.548828125,42406.547828125,ml_eeg_light_sleep,-2
283,42406.548828125,42549.545875,ml_eeg_deep_sleep,-3
284,42549.546875,46352.1161875,ml_eeg_active,0
285,46352.1171875,46513.387671875,ml_eeg_deep_sleep,-3
286,46513.388671875,46518.387671875,ml_eeg_active,0
287,46518.388671875,46526.387671875,ml_eeg_light_sleep,-2
288,46526.388671875,47166.387671875,ml_eeg_deep_sleep,-3
289,47166.388671875,47186.387671875,ml_eeg_rem_sleep,-1
290,47186.388671875,47190.387671875,ml_eeg_deep_sleep,-3
291,47190.388671875,47202.387671875,ml_eeg_light_sleep,-2
292,47202.388671875,47324.633765625,ml_eeg_deep_sleep,-3
293,47324.634765625,47349.63571875,ml_eeg_active,0
294,47349.63671875,47357.63571875,ml_eeg_light_sleep,-2
295,47357.63671875,47637.344703125,ml_eeg_deep_sleep,-3
296,47637.345703125,47661.344703125,ml_eeg_rem_sleep,-1
297,47661.345703125,47681.344703125,ml_eeg_light_sleep,-2
298,47681.345703125,47793.344703125,ml_eeg_deep_sleep,-3
299,47793.345703125,47805.344703125,ml_eeg_rem_sleep,-1
300,47805.345703125,47966.202125,ml_eeg_deep_sleep,-3
301,47966.203125,48046.202125,ml_eeg_rem_sleep,-1
302,48046.203125,48074.202125,ml_eeg_light_sleep,-2
303,48074.203125,48164.653296875,ml_eeg_deep_sleep,-3
304,48164.654296875,48184.65525,ml_eeg_active,0
305,48184.65625,48340.65525,ml_eeg_deep_sleep,-3
306,48340.65625,48437.153296875,ml_eeg_rem_sleep,-1
307,48437.154296875,48459.65525,ml_eeg_active,0
308,48459.65625,48479.65525,ml_eeg_light_sleep,-2
309,48479.65625,48577.6474375,ml_eeg_deep_sleep,-3
310,48577.6484375,48589.6474375,ml_eeg_light_sleep,-2
311,48589.6484375,48886.4130625,ml_eeg_deep_sleep,-3
312,48886.4140625,48909.12009375,ml_eeg_rem_sleep,-1
313,48909.12109375,48912.665015625,ml_eeg_active,0
314,48912.666015625,49240.665015625,ml_eeg_deep_sleep,-3
315,49240.666015625,49277.5380625,ml_eeg_rem_sleep,-1
316,49277.5390625,49286.3661875,ml_eeg_active,0
317,49286.3671875,49302.3661875,ml_eeg_light_sleep,-2
318,49302.3671875,49314.3661875,ml_eeg_deep_sleep,-3
319,49314.3671875,49330.3661875,ml_eeg_light_sleep,-2
320,49330.3671875,49344.672828125,ml_eeg_deep_sleep,-3
321,49344.673828125,50374.6943125,ml_eeg_active,0
322,50374.6953125,50615.829078125,ml_eeg_deep_sleep,-3
323,50615.830078125,50625.438453125,ml_eeg_active,0
324,50625.439453125,50641.438453125,ml_eeg_light_sleep,-2
325,50641.439453125,50797.438453125,ml_eeg_deep_sleep,-3
326,50797.439453125,50813.438453125,ml_eeg_rem_sleep,-1
327,50813.439453125,50829.438453125,ml_eeg_light_sleep,-2
328,50829.439453125,51025.438453125,ml_eeg_deep_sleep,-3
329,51025.439453125,51037.438453125,ml_eeg_light_sleep,-2
330,51037.439453125,51133.438453125,ml_eeg_deep_sleep,-3
331,51133.439453125,51177.196265625,ml_eeg_rem_sleep,-1
332,51177.197265625,51180.633765625,ml_eeg_active,0
333,51180.634765625,51196.633765625,ml_eeg_light_sleep,-2
334,51196.634765625,51304.633765625,ml_eeg_deep_sleep,-3
335,51304.634765625,51336.633765625,ml_eeg_rem_sleep,-1
336,51336.634765625,51352.633765625,ml_eeg_light_sleep,-2
337,51352.634765625,51432.633765625,ml_eeg_deep_sleep,-3
338,51432.634765625,51452.633765625,ml_eeg_rem_sleep,-1
339,51452.634765625,51468.633765625,ml_eeg_light_sleep,-2
340,51468.634765625,51560.633765625,ml_eeg_deep_sleep,-3
341,51560.634765625,51628.633765625,ml_eeg_rem_sleep,-1
342,51628.634765625,51676.514625,ml_eeg_light_sleep,-2
343,51676.515625,51692.514625,ml_eeg_deep_sleep,-3
344,51692.515625,51696.514625,ml_eeg_rem_sleep,-1
345,51696.515625,51720.514625,ml_eeg_light_sleep,-2
346,51720.515625,51840.514625,ml_eeg_deep_sleep,-3
347,51840.515625,51860.514625,ml_eeg_light_sleep,-2
348,51860.515625,51960.514625,ml_eeg_deep_sleep,-3
349,51960.515625,52016.26853125,ml_eeg_rem_sleep,-1
350,52016.26953125,52020.125953125,ml_eeg_active,0
351,52020.126953125,52052.125953125,ml_eeg_light_sleep,-2
352,52052.126953125,52076.125953125,ml_eeg_deep_sleep,-3
353,52076.126953125,52088.125953125,ml_eeg_light_sleep,-2
354,52088.126953125,52124.125953125,ml_eeg_deep_sleep,-3
355,52124.126953125,52136.125953125,ml_eeg_light_sleep,-2
356,52136.126953125,52164.125953125,ml_eeg_deep_sleep,-3
357,52164.126953125,52184.125953125,ml_eeg_rem_sleep,-1
358,52184.126953125,52204.125953125,ml_eeg_light_sleep,-2
359,52204.126953125,52344.125953125,ml_eeg_deep_sleep,-3
360,52344.126953125,52468.125953125,ml_eeg_rem_sleep,-1
361,52468.126953125,52496.125953125,ml_eeg_light_sleep,-2
362,52496.126953125,52507.231421875,ml_eeg_deep_sleep,-3
363,52507.232421875,52524.733375,ml_eeg_active,0
364,52524.734375,52560.733375,ml_eeg_deep_sleep,-3
365,52560.734375,52568.934546875,ml_eeg_light_sleep,-2
366,52568.935546875,52573.2411875,ml_eeg_active,0
367,52573.2421875,52585.2411875,ml_eeg_light_sleep,-2
368,52585.2421875,53111.76853125,ml_eeg_deep_sleep,-3
369,53111.76953125,53133.934546875,ml_eeg_rem_sleep,-1
370,53133.935546875,53143.368140625,ml_eeg_active,0
371,53143.369140625,53155.368140625,ml_eeg_light_sleep,-2
372,53155.369140625,53319.368140625,ml_eeg_deep_sleep,-3
373,53319.369140625,53351.368140625,ml_eeg_rem_sleep,-1
374,53351.369140625,53375.368140625,ml_eeg_light_sleep,-2
375,53375.369140625,53383.368140625,ml_eeg_deep_sleep,-3
376,53383.369140625,53411.368140625,ml_eeg_rem_sleep,-1
377,53411.369140625,53452.250953125,ml_eeg_light_sleep,-2
378,53452.251953125,53469.75290625,ml_eeg_active,0
379,53469.75390625,53473.75290625,ml_eeg_light_sleep,-2
380,53473.75390625,53633.75290625,ml_eeg_deep_sleep,-3
381,53633.75390625,53645.75290625,ml_eeg_rem_sleep,-1
382,53645.75390625,53657.75290625,ml_eeg_light_sleep,-2
383,53657.75390625,53729.75290625,ml_eeg_deep_sleep,-3
384,53729.75390625,53785.75290625,ml_eeg_rem_sleep,-1
385,53785.75390625,53825.430640625,ml_eeg_light_sleep,-2
386,53825.431640625,53984.76071875,ml_eeg_deep_sleep,-3
387,53984.76171875,54027.262671875,ml_eeg_active,0
388,54027.263671875,54287.270484375,ml_eeg_deep_sleep,-3
389,54287.271484375,54432.2724375,ml_eeg_active,0
390,54432.2734375,54457.270484375,ml_eeg_light_sleep,-2
391,54457.271484375,54604.7724375,ml_eeg_active,0
392,54604.7734375,54620.7724375,ml_eeg_light_sleep,-2
393,54620.7734375,54672.7724375,ml_eeg_deep_sleep,-3
394,54672.7734375,54688.7724375,ml_eeg_light_sleep,-2
395,54688.7734375,54804.7724375,ml_eeg_deep_sleep,-3
396,54804.7734375,54812.332984375,ml_eeg_light_sleep,-2
397,54812.333984375,54816.336890625,ml_eeg_active,0
398,54816.337890625,54824.336890625,ml_eeg_light_sleep,-2
399,54824.337890625,54944.336890625,ml_eeg_deep_sleep,-3
400,54944.337890625,54972.336890625,ml_eeg_rem_sleep,-1
401,54972.337890625,55080.336890625,ml_eeg_deep_sleep,-3
402,55080.337890625,55172.336890625,ml_eeg_rem_sleep,-1
403,55172.337890625,55192.336890625,ml_eeg_light_sleep,-2
404,55192.337890625,55236.336890625,ml_eeg_deep_sleep,-3
405,55236.337890625,55248.336890625,ml_eeg_light_sleep,-2
406,55248.337890625,55408.336890625,ml_eeg_deep_sleep,-3
407,55408.337890625,55444.336890625,ml_eeg_rem_sleep,-1
408,55444.337890625,55468.336890625,ml_eeg_light_sleep,-2
409,55468.337890625,55616.336890625,ml_eeg_deep_sleep,-3
410,55616.337890625,55668.336890625,ml_eeg_rem_sleep,-1
411,55668.337890625,55680.336890625,ml_eeg_light_sleep,-2
412,55680.337890625,55692.336890625,ml_eeg_deep_sleep,-3
413,55692.337890625,55704.336890625,ml_eeg_light_sleep,-2
414,55704.337890625,55816.336890625,ml_eeg_deep_sleep,-3
415,55816.337890625,55888.336890625,ml_eeg_rem_sleep,-1
416,55888.337890625,55904.336890625,ml_eeg_light_sleep,-2
417,55904.337890625,55988.336890625,ml_eeg_rem_sleep,-1
418,55988.337890625,56024.336890625,ml_eeg_light_sleep,-2
419,56024.337890625,56049.79978125,ml_eeg_deep_sleep,-3
420,56049.80078125,56072.301734375,ml_eeg_active,0
421,56072.302734375,56097.29978125,ml_eeg_deep_sleep,-3
422,56097.30078125,56147.301734375,ml_eeg_active,0
423,56147.302734375,56151.301734375,ml_eeg_light_sleep,-2
424,56151.302734375,56423.301734375,ml_eeg_deep_sleep,-3
425,56423.302734375,56435.301734375,ml_eeg_light_sleep,-2
426,56435.302734375,56523.301734375,ml_eeg_deep_sleep,-3
427,56523.302734375,56555.301734375,ml_eeg_rem_sleep,-1
428,56555.302734375,56571.301734375,ml_eeg_light_sleep,-2
429,56571.302734375,56703.301734375,ml_eeg_deep_sleep,-3
430,56703.302734375,56715.301734375,ml_eeg_light_sleep,-2
431,56715.302734375,56927.301734375,ml_eeg_deep_sleep,-3
432,56927.302734375,57051.301734375,ml_eeg_rem_sleep,-1
433,57051.302734375,57087.301734375,ml_eeg_light_sleep,-2
434,57087.302734375,57107.301734375,ml_eeg_deep_sleep,-3
435,57107.302734375,57119.301734375,ml_eeg_light_sleep,-2
436,57119.302734375,57239.301734375,ml_eeg_deep_sleep,-3
437,57239.302734375,57247.94821875,ml_eeg_light_sleep,-2
438,57247.94921875,57252.1474375,ml_eeg_active,0
439,57252.1484375,57268.1474375,ml_eeg_light_sleep,-2
440,57268.1484375,57504.1474375,ml_eeg_deep_sleep,-3
441,57504.1484375,57520.1474375,ml_eeg_rem_sleep,-1
442,57520.1484375,57530.3505625,ml_eeg_deep_sleep,-3
443,57530.3515625,57534.6865,ml_eeg_active,0
444,57534.6875,57566.6865,ml_eeg_light_sleep,-2
445,57566.6875,57650.6865,ml_eeg_deep_sleep,-3
446,57650.6875,57658.6865,ml_eeg_rem_sleep,-1
447,57658.6875,57670.6865,ml_eeg_light_sleep,-2
448,57670.6875,57702.329078125,ml_eeg_rem_sleep,-1
449,57702.330078125,57719.83103125,ml_eeg_active,0
450,57719.83203125,57723.83103125,ml_eeg_light_sleep,-2
451,57723.83203125,57735.83103125,ml_eeg_deep_sleep,-3
452,57735.83203125,57755.83103125,ml_eeg_light_sleep,-2
453,57755.83203125,57882.33884375,ml_eeg_deep_sleep,-3
454,57882.33984375,57974.840796875,ml_eeg_active,0
455,57974.841796875,57989.83884375,ml_eeg_light_sleep,-2
456,57989.83984375,58389.8505625,ml_eeg_active,0
457,58389.8515625,58593.8505625,ml_eeg_deep_sleep,-3
458,58593.8515625,58621.8505625,ml_eeg_light_sleep,-2
459,58621.8515625,58653.8505625,ml_eeg_deep_sleep,-3
460,58653.8515625,58665.8505625,ml_eeg_light_sleep,-2
461,58665.8515625,58801.8505625,ml_eeg_deep_sleep,-3
462,58801.8515625,58825.8505625,ml_eeg_rem_sleep,-1
463,58825.8515625,58849.8505625,ml_eeg_light_sleep,-2
464,58849.8515625,58877.8505625,ml_eeg_deep_sleep,-3
465,58877.8515625,58925.8505625,ml_eeg_rem_sleep,-1
466,58925.8515625,58949.8505625,ml_eeg_light_sleep,-2
467,58949.8515625,59033.8505625,ml_eeg_deep_sleep,-3
468,59033.8515625,59045.8505625,ml_eeg_light_sleep,-2
469,59045.8515625,59169.8505625,ml_eeg_deep_sleep,-3
470,59169.8515625,59242.547828125,ml_eeg_rem_sleep,-1
471,59242.548828125,59244.54978125,ml_eeg_active,0
472,59244.55078125,59272.54978125,ml_eeg_light_sleep,-2
473,59272.55078125,59316.54978125,ml_eeg_deep_sleep,-3
474,59316.55078125,59328.54978125,ml_eeg_light_sleep,-2
475,59328.55078125,59376.54978125,ml_eeg_deep_sleep,-3
476,59376.55078125,59400.54978125,ml_eeg_light_sleep,-2
477,59400.55078125,59648.54978125,ml_eeg_deep_sleep,-3
478,59648.55078125,59670.114234375,ml_eeg_light_sleep,-2
479,59670.115234375,59826.114234375,ml_eeg_deep_sleep,-3
480,59826.115234375,59870.114234375,ml_eeg_light_sleep,-2
481,59870.115234375,60066.114234375,ml_eeg_deep_sleep,-3
482,60066.115234375,60075.379859375,ml_eeg_rem_sleep,-1
483,60075.380859375,60079.97946875,ml_eeg_active,0
484,60079.98046875,60091.97946875,ml_eeg_light_sleep,-2
485,60091.98046875,60127.37790625,ml_eeg_deep_sleep,-3
486,60127.37890625,60162.379859375,ml_eeg_active,0
487,60162.380859375,60178.379859375,ml_eeg_light_sleep,-2
488,60178.380859375,60190.165015625,ml_eeg_deep_sleep,-3
489,60190.166015625,60198.719703125,ml_eeg_active,0
490,60198.720703125,60222.37790625,ml_eeg_light_sleep,-2
491,60222.37890625,60244.879859375,ml_eeg_active,0
492,60244.880859375,60252.879859375,ml_eeg_light_sleep,-2
493,60252.880859375,60444.879859375,ml_eeg_deep_sleep,-3
494,60444.880859375,60456.879859375,ml_eeg_rem_sleep,-1
495,60456.880859375,60467.387671875,ml_eeg_light_sleep,-2
496,60467.388671875,60497.389625,ml_eeg_active,0
497,60497.390625,60505.389625,ml_eeg_light_sleep,-2
498,60505.390625,60701.389625,ml_eeg_deep_sleep,-3
499,60701.390625,60874.887671875,ml_eeg_rem_sleep,-1
500,60874.888671875,60897.399390625,ml_eeg_active,0
501,60897.400390625,61277.399390625,ml_eeg_deep_sleep,-3
502,61277.400390625,61297.399390625,ml_eeg_rem_sleep,-1
503,61297.400390625,61309.399390625,ml_eeg_light_sleep,-2
504,61309.400390625,61525.399390625,ml_eeg_deep_sleep,-3
505,61525.400390625,61541.399390625,ml_eeg_rem_sleep,-1
506,61541.400390625,61549.399390625,ml_eeg_deep_sleep,-3
507,61549.400390625,61561.399390625,ml_eeg_light_sleep,-2
508,61561.400390625,61665.399390625,ml_eeg_deep_sleep,-3
509,61665.400390625,61726.415015625,ml_eeg_rem_sleep,-1
510,61726.416015625,61728.670875,ml_eeg_active,0
511,61728.671875,61752.670875,ml_eeg_light_sleep,-2
512,61752.671875,61956.670875,ml_eeg_deep_sleep,-3
513,61956.671875,61976.670875,ml_eeg_rem_sleep,-1
514,61976.671875,62004.670875,ml_eeg_light_sleep,-2
515,62004.671875,62136.670875,ml_eeg_deep_sleep,-3
516,62136.671875,62196.670875,ml_eeg_rem_sleep,-1
517,62196.671875,62232.670875,ml_eeg_light_sleep,-2
518,62232.671875,62376.670875,ml_eeg_deep_sleep,-3
519,62376.671875,62432.04978125,ml_eeg_rem_sleep,-1
520,62432.05078125,62435.243140625,ml_eeg_active,0
521,62435.244140625,62443.243140625,ml_eeg_light_sleep,-2
522,62443.244140625,62607.243140625,ml_eeg_deep_sleep,-3
523,62607.244140625,62643.243140625,ml_eeg_rem_sleep,-1
524,62643.244140625,62663.243140625,ml_eeg_light_sleep,-2
525,62663.244140625,62699.243140625,ml_eeg_deep_sleep,-3
526,62699.244140625,62791.243140625,ml_eeg_rem_sleep,-1
527,62791.244140625,62819.243140625,ml_eeg_deep_sleep,-3
528,62819.244140625,62959.243140625,ml_eeg_rem_sleep,-1
529,62959.244140625,62975.243140625,ml_eeg_light_sleep,-2
530,62975.244140625,62982.4365,ml_eeg_deep_sleep,-3
531,62982.4375,63769.94821875,ml_eeg_active,0
532,63769.94921875,63773.94821875,ml_eeg_light_sleep,-2
533,63773.94921875,63884.946265625,ml_eeg_deep_sleep,-3
534,63884.947265625,63927.44821875,ml_eeg_active,0
535,63927.44921875,63935.44821875,ml_eeg_light_sleep,-2
536,63935.44921875,63999.44821875,ml_eeg_deep_sleep,-3
537,63999.44921875,64015.44821875,ml_eeg_light_sleep,-2
538,64015.44921875,64217.45603125,ml_eeg_deep_sleep,-3
539,64217.45703125,64234.957984375,ml_eeg_active,0
540,64234.958984375,64242.957984375,ml_eeg_light_sleep,-2
541,64242.958984375,64314.957984375,ml_eeg_deep_sleep,-3
542,64314.958984375,64330.957984375,ml_eeg_light_sleep,-2
543,64330.958984375,64370.957984375,ml_eeg_deep_sleep,-3
544,64370.958984375,64386.957984375,ml_eeg_light_sleep,-2
545,64386.958984375,64482.957984375,ml_eeg_deep_sleep,-3
546,64482.958984375,64546.957984375,ml_eeg_rem_sleep,-1
547,64546.958984375,64574.957984375,ml_eeg_light_sleep,-2
548,64574.958984375,64610.957984375,ml_eeg_deep_sleep,-3
549,64610.958984375,64622.957984375,ml_eeg_light_sleep,-2
550,64622.958984375,64850.957984375,ml_eeg_deep_sleep,-3
551,64850.958984375,64866.957984375,ml_eeg_light_sleep,-2
552,64866.958984375,64950.957984375,ml_eeg_deep_sleep,-3
553,64950.958984375,64974.957984375,ml_eeg_rem_sleep,-1
554,64974.958984375,64990.957984375,ml_eeg_light_sleep,-2
555,64990.958984375,65158.957984375,ml_eeg_deep_sleep,-3
556,65158.958984375,65254.957984375,ml_eeg_rem_sleep,-1
557,65254.958984375,65274.957984375,ml_eeg_light_sleep,-2
558,65274.958984375,65634.957984375,ml_eeg_deep_sleep,-3
559,65634.958984375,65646.957984375,ml_eeg_light_sleep,-2
560,65646.958984375,65886.957984375,ml_eeg_deep_sleep,-3
561,65886.958984375,65902.957984375,ml_eeg_rem_sleep,-1
562,65902.958984375,65906.957984375,ml_eeg_deep_sleep,-3
563,65906.958984375,65914.985328125,ml_eeg_light_sleep,-2
564,65914.986328125,65957.48728125,ml_eeg_active,0
565,65957.48828125,65981.48728125,ml_eeg_light_sleep,-2
566,65981.48828125,66137.48728125,ml_eeg_deep_sleep,-3
567,66137.48828125,66153.48728125,ml_eeg_rem_sleep,-1
568,66153.48828125,66169.48728125,ml_eeg_light_sleep,-2
569,66169.48828125,66209.48728125,ml_eeg_deep_sleep,-3
570,66209.48828125,66297.49509375,ml_eeg_rem_sleep,-1
571,66297.49609375,66319.997046875,ml_eeg_active,0
572,66319.998046875,66327.997046875,ml_eeg_light_sleep,-2
573,66327.998046875,66362.49509375,ml_eeg_deep_sleep,-3
574,66362.49609375,66392.497046875,ml_eeg_active,0
575,66392.498046875,66396.497046875,ml_eeg_light_sleep,-2
576,66396.498046875,66820.497046875,ml_eeg_deep_sleep,-3
577,66820.498046875,66840.497046875,ml_eeg_light_sleep,-2
578,66840.498046875,67048.497046875,ml_eeg_deep_sleep,-3
579,67048.498046875,67068.497046875,ml_eeg_light_sleep,-2
580,67068.498046875,67144.497046875,ml_eeg_deep_sleep,-3
581,67144.498046875,67160.497046875,ml_eeg_light_sleep,-2
582,67160.498046875,67216.497046875,ml_eeg_deep_sleep,-3
583,67216.498046875,67382.508765625,ml_eeg_rem_sleep,-1
584,67382.509765625,67386.5224375,ml_eeg_active,0
585,67386.5234375,67414.5224375,ml_eeg_light_sleep,-2
586,67414.5234375,67530.5224375,ml_eeg_deep_sleep,-3
587,67530.5234375,67542.5224375,ml_eeg_light_sleep,-2
588,67542.5234375,67587.514625,ml_eeg_deep_sleep,-3
589,67587.515625,67602.52634375,ml_eeg_active,0
590,67602.52734375,67610.52634375,ml_eeg_light_sleep,-2
591,67610.52734375,67994.52634375,ml_eeg_deep_sleep,-3
592,67994.52734375,68006.52634375,ml_eeg_light_sleep,-2
593,68006.52734375,68298.52634375,ml_eeg_deep_sleep,-3
594,68298.52734375,68310.52634375,ml_eeg_rem_sleep,-1
595,68310.52734375,68330.52634375,ml_eeg_light_sleep,-2
596,68330.52734375,68510.52634375,ml_eeg_deep_sleep,-3
597,68510.52734375,68538.52634375,ml_eeg_rem_sleep,-1
598,68538.52734375,68542.52634375,ml_eeg_deep_sleep,-3
599,68542.52734375,68558.536109375,ml_eeg_light_sleep,-2
600,68558.537109375,68622.536109375,ml_eeg_deep_sleep,-3
601,68622.537109375,68634.536109375,ml_eeg_rem_sleep,-1
602,68634.537109375,68650.536109375,ml_eeg_light_sleep,-2
603,68650.537109375,68706.536109375,ml_eeg_deep_sleep,-3
604,68706.537109375,68722.536109375,ml_eeg_light_sleep,-2
605,68722.537109375,68782.536109375,ml_eeg_deep_sleep,-3
606,68782.537109375,68810.536109375,ml_eeg_rem_sleep,-1
607,68810.537109375,68822.536109375,ml_eeg_light_sleep,-2
608,68822.537109375,68866.2099375,ml_eeg_deep_sleep,-3
609,68866.2109375,68870.64353125,ml_eeg_active,0
610,68870.64453125,68886.64353125,ml_eeg_light_sleep,-2
611,68886.64453125,68954.64353125,ml_eeg_deep_sleep,-3
612,68954.64453125,69018.64353125,ml_eeg_rem_sleep,-1
613,69018.64453125,69034.64353125,ml_eeg_light_sleep,-2
614,69034.64453125,69162.64353125,ml_eeg_rem_sleep,-1
615,69162.64453125,69190.64353125,ml_eeg_light_sleep,-2
616,69190.64453125,69202.64353125,ml_eeg_deep_sleep,-3
617,69202.64453125,69222.64353125,ml_eeg_light_sleep,-2
618,69222.64453125,69371.58103125,ml_eeg_deep_sleep,-3
619,69371.58203125,69381.590796875,ml_eeg_active,0
620,69381.591796875,69397.590796875,ml_eeg_light_sleep,-2
621,69397.591796875,69620.46384375,ml_eeg_deep_sleep,-3
622,69620.46484375,69632.46384375,ml_eeg_light_sleep,-2
623,69632.46484375,69845.249,ml_eeg_deep_sleep,-3
624,69845.25,69861.249,ml_eeg_light_sleep,-2
625,69861.25,69993.249,ml_eeg_deep_sleep,-3
626,69993.25,70009.249,ml_eeg_rem_sleep,-1
627,70009.25,70017.249,ml_eeg_light_sleep,-2
628,70017.25,70035.340796875,ml_eeg_deep_sleep,-3
629,70035.341796875,70038.827125,ml_eeg_active,0
630,70038.828125,70050.827125,ml_eeg_light_sleep,-2
631,70050.828125,70214.827125,ml_eeg_deep_sleep,-3
632,70214.828125,70322.827125,ml_eeg_rem_sleep,-1
633,70322.828125,70362.827125,ml_eeg_light_sleep,-2
634,70362.828125,70634.827125,ml_eeg_deep_sleep,-3
635,70634.828125,70650.827125,ml_eeg_rem_sleep,-1
636,70650.828125,70658.827125,ml_eeg_light_sleep,-2
637,70658.828125,70802.827125,ml_eeg_deep_sleep,-3
638,70802.828125,70818.827125,ml_eeg_rem_sleep,-1
639,70818.828125,70830.827125,ml_eeg_deep_sleep,-3
640,70830.828125,70842.827125,ml_eeg_light_sleep,-2
641,70842.828125,71022.827125,ml_eeg_deep_sleep,-3
642,71022.828125,71038.827125,ml_eeg_rem_sleep,-1
643,71038.828125,71046.827125,ml_eeg_light_sleep,-2
644,71046.828125,71090.827125,ml_eeg_deep_sleep,-3
645,71090.828125,71206.903296875,ml_eeg_rem_sleep,-1
646,71206.904296875,71211.3661875,ml_eeg_active,0
647,71211.3671875,71219.3661875,ml_eeg_light_sleep,-2
648,71219.3671875,71227.3661875,ml_eeg_deep_sleep,-3
649,71227.3671875,71243.3661875,ml_eeg_light_sleep,-2
650,71243.3671875,71283.3661875,ml_eeg_deep_sleep,-3
651,71283.3671875,71295.3661875,ml_eeg_light_sleep,-2
652,71295.3671875,71675.09275,ml_eeg_deep_sleep,-3
653,71675.09375,73300.133765625,ml_eeg_active,0
654,73300.134765625,73572.821265625,ml_eeg_deep_sleep,-3
655,73572.822265625,73582.8115,ml_eeg_active,0
656,73582.8125,73606.8115,ml_eeg_light_sleep,-2
657,73606.8125,73662.8115,ml_eeg_deep_sleep,-3
658,73662.8125,73674.8115,ml_eeg_light_sleep,-2
659,73674.8125,73822.8115,ml_eeg_deep_sleep,-3
660,73822.8125,73911.434546875,ml_eeg_rem_sleep,-1
661,73911.435546875,73913.92478125,ml_eeg_active,0
662,73913.92578125,73932.641578125,ml_eeg_light_sleep,-2
663,73932.642578125,73957.64353125,ml_eeg_active,0
664,73957.64453125,74001.64353125,ml_eeg_deep_sleep,-3
665,74001.64453125,74021.64353125,ml_eeg_light_sleep,-2
666,74021.64453125,74377.64353125,ml_eeg_deep_sleep,-3
667,74377.64453125,74389.64353125,ml_eeg_light_sleep,-2
668,74389.64453125,74477.64353125,ml_eeg_deep_sleep,-3
669,74477.64453125,74489.64353125,ml_eeg_light_sleep,-2
670,74489.64453125,74553.64353125,ml_eeg_deep_sleep,-3
671,74553.64453125,74565.64353125,ml_eeg_light_sleep,-2
672,74565.64453125,74673.64353125,ml_eeg_deep_sleep,-3
673,74673.64453125,74762.352515625,ml_eeg_rem_sleep,-1
674,74762.353515625,74765.3115,ml_eeg_active,0
675,74765.3125,74785.3115,ml_eeg_light_sleep,-2
676,74785.3125,74981.3115,ml_eeg_deep_sleep,-3
677,74981.3125,75025.3115,ml_eeg_rem_sleep,-1
678,75025.3125,75037.3115,ml_eeg_light_sleep,-2
679,75037.3125,75370.360328125,ml_eeg_deep_sleep,-3
680,75370.361328125,75378.504859375,ml_eeg_active,0
681,75378.505859375,75397.670875,ml_eeg_light_sleep,-2
682,75397.671875,75790.172828125,ml_eeg_active,0
683,75790.173828125,75805.170875,ml_eeg_light_sleep,-2
684,75805.171875,75830.172828125,ml_eeg_active,0
685,75830.173828125,75838.172828125,ml_eeg_light_sleep,-2
686,75838.173828125,75862.172828125,ml_eeg_deep_sleep,-3
687,75862.173828125,75867.680640625,ml_eeg_light_sleep,-2
688,75867.681640625,75900.18259375,ml_eeg_active,0
689,75900.18359375,76104.18259375,ml_eeg_deep_sleep,-3
690,76104.18359375,76120.18259375,ml_eeg_light_sleep,-2
691,76120.18359375,76200.18259375,ml_eeg_deep_sleep,-3
692,76200.18359375,76212.18259375,ml_eeg_light_sleep,-2
693,76212.18359375,76284.18259375,ml_eeg_deep_sleep,-3
694,76284.18359375,76320.18259375,ml_eeg_rem_sleep,-1
695,76320.18359375,76356.18259375,ml_eeg_light_sleep,-2
696,76356.18359375,76384.18259375,ml_eeg_deep_sleep,-3
697,76384.18359375,76396.18259375,ml_eeg_light_sleep,-2
698,76396.18359375,76588.18259375,ml_eeg_deep_sleep,-3
699,76588.18359375,76600.18259375,ml_eeg_light_sleep,-2
700,76600.18359375,76732.18259375,ml_eeg_deep_sleep,-3
701,76732.18359375,76744.18259375,ml_eeg_light_sleep,-2
702,76744.18359375,76788.18259375,ml_eeg_deep_sleep,-3
703,76788.18359375,76811.141578125,ml_eeg_rem_sleep,-1
704,76811.142578125,76813.72946875,ml_eeg_active,0
705,76813.73046875,76837.72946875,ml_eeg_light_sleep,-2
706,76837.73046875,77037.72946875,ml_eeg_deep_sleep,-3
707,77037.73046875,77141.72946875,ml_eeg_rem_sleep,-1
708,77141.73046875,77197.72946875,ml_eeg_light_sleep,-2
709,77197.73046875,77213.72946875,ml_eeg_deep_sleep,-3
710,77213.73046875,77233.72946875,ml_eeg_light_sleep,-2
711,77233.73046875,77340.200171875,ml_eeg_deep_sleep,-3
712,77340.201171875,77370.202125,ml_eeg_active,0
713,77370.203125,77674.790015625,ml_eeg_deep_sleep,-3
714,77674.791015625,77726.790015625,ml_eeg_rem_sleep,-1
715,77726.791015625,77750.790015625,ml_eeg_light_sleep,-2
716,77750.791015625,77790.790015625,ml_eeg_deep_sleep,-3
717,77790.791015625,77795.2099375,ml_eeg_light_sleep,-2
718,77795.2109375,77815.211890625,ml_eeg_active,0
719,77815.212890625,77823.211890625,ml_eeg_light_sleep,-2
720,77823.212890625,77907.7099375,ml_eeg_deep_sleep,-3
721,77907.7109375,77935.22165625,ml_eeg_active,0
722,77935.22265625,77997.733375,ml_eeg_deep_sleep,-3
723,77997.734375,78000.790015625,ml_eeg_active,0
724,78000.791015625,78012.790015625,ml_eeg_light_sleep,-2
725,78012.791015625,78208.790015625,ml_eeg_deep_sleep,-3
726,78208.791015625,78244.790015625,ml_eeg_light_sleep,-2
727,78244.791015625,78296.790015625,ml_eeg_deep_sleep,-3
728,78296.791015625,78320.790015625,ml_eeg_light_sleep,-2
729,78320.791015625,78384.790015625,ml_eeg_deep_sleep,-3
730,78384.791015625,78520.790015625,ml_eeg_rem_sleep,-1
731,78520.791015625,78552.72946875,ml_eeg_light_sleep,-2
732,78552.73046875,78575.231421875,ml_eeg_active,0
733,78575.232421875,78595.22946875,ml_eeg_light_sleep,-2
734,78595.23046875,78612.731421875,ml_eeg_active,0
735,78612.732421875,79100.731421875,ml_eeg_deep_sleep,-3
736,79100.732421875,79117.762671875,ml_eeg_rem_sleep,-1
737,79117.763671875,79121.395484375,ml_eeg_active,0
738,79121.396484375,79137.395484375,ml_eeg_light_sleep,-2
739,79137.396484375,79201.395484375,ml_eeg_deep_sleep,-3
740,79201.396484375,79221.395484375,ml_eeg_rem_sleep,-1
741,79221.396484375,79241.395484375,ml_eeg_light_sleep,-2
742,79241.396484375,79273.395484375,ml_eeg_deep_sleep,-3
743,79273.396484375,79285.395484375,ml_eeg_rem_sleep,-1
744,79285.396484375,79342.739234375,ml_eeg_deep_sleep,-3
745,79342.740234375,79380.2411875,ml_eeg_active,0
746,79380.2421875,79388.2411875,ml_eeg_light_sleep,-2
747,79388.2421875,79588.2411875,ml_eeg_deep_sleep,-3
748,79588.2421875,79690.249,ml_eeg_rem_sleep,-1
749,79690.25,80797.770484375,ml_eeg_active,0
750,80797.771484375,80812.76853125,ml_eeg_deep_sleep,-3
751,80812.76953125,80850.270484375,ml_eeg_active,0
752,80850.271484375,80854.270484375,ml_eeg_light_sleep,-2
753,80854.271484375,80878.270484375,ml_eeg_deep_sleep,-3
754,80878.271484375,80890.270484375,ml_eeg_light_sleep,-2
755,80890.271484375,80978.270484375,ml_eeg_deep_sleep,-3
756,80978.271484375,80994.270484375,ml_eeg_light_sleep,-2
757,80994.271484375,81010.270484375,ml_eeg_deep_sleep,-3
758,81010.271484375,81022.270484375,ml_eeg_light_sleep,-2
759,81022.271484375,81138.270484375,ml_eeg_deep_sleep,-3
760,81138.271484375,81154.270484375,ml_eeg_light_sleep,-2
761,81154.271484375,81174.270484375,ml_eeg_deep_sleep,-3
762,81174.271484375,81198.270484375,ml_eeg_light_sleep,-2
763,81198.271484375,81326.270484375,ml_eeg_deep_sleep,-3
764,81326.271484375,81418.270484375,ml_eeg_rem_sleep,-1
765,81418.271484375,81450.278296875,ml_eeg_light_sleep,-2
766,81450.279296875,81475.28025,ml_eeg_active,0
767,81475.28125,81931.28025,ml_eeg_deep_sleep,-3
768,81931.28125,81947.28025,ml_eeg_rem_sleep,-1
769,81947.28125,81951.28025,ml_eeg_deep_sleep,-3
770,81951.28125,81975.28025,ml_eeg_light_sleep,-2
771,81975.28125,82047.28025,ml_eeg_deep_sleep,-3
772,82047.28125,82099.149390625,ml_eeg_rem_sleep,-1
773,82099.150390625,82106.610328125,ml_eeg_active,0
774,82106.611328125,82130.610328125,ml_eeg_light_sleep,-2
775,82130.611328125,82166.610328125,ml_eeg_deep_sleep,-3
776,82166.611328125,82178.610328125,ml_eeg_rem_sleep,-1
777,82178.611328125,82190.610328125,ml_eeg_deep_sleep,-3
778,82190.611328125,82262.610328125,ml_eeg_rem_sleep,-1
779,82262.611328125,82274.610328125,ml_eeg_light_sleep,-2
780,82274.611328125,82330.610328125,ml_eeg_deep_sleep,-3
781,82330.611328125,82347.21775,ml_eeg_light_sleep,-2
782,82347.21875,82480.297828125,ml_eeg_deep_sleep,-3
783,82480.298828125,82500.29978125,ml_eeg_active,0
784,82500.30078125,82504.29978125,ml_eeg_light_sleep,-2
785,82504.30078125,82597.44040625,ml_eeg_deep_sleep,-3
786,82597.44140625,82602.47946875,ml_eeg_active,0
787,82602.48046875,82610.47946875,ml_eeg_light_sleep,-2
788,82610.48046875,82926.47946875,ml_eeg_deep_sleep,-3
789,82926.48046875,82950.30759375,ml_eeg_rem_sleep,-1
790,82950.30859375,83357.8193125,ml_eeg_active,0
791,83357.8203125,83477.684546875,ml_eeg_deep_sleep,-3
792,83477.685546875,83485.692359375,ml_eeg_active,0
793,83485.693359375,83501.692359375,ml_eeg_light_sleep,-2
794,83501.693359375,83682.0068125,ml_eeg_deep_sleep,-3
795,83682.0078125,83694.0068125,ml_eeg_light_sleep,-2
796,83694.0078125,83790.0068125,ml_eeg_deep_sleep,-3
797,83790.0078125,83818.0068125,ml_eeg_light_sleep,-2
798,83818.0078125,83906.0068125,ml_eeg_deep_sleep,-3
799,83906.0078125,83918.0068125,ml_eeg_light_sleep,-2
800,83918.0078125,84050.0068125,ml_eeg_deep_sleep,-3
801,84050.0078125,84066.0068125,ml_eeg_light_sleep,-2
802,84066.0078125,84082.0068125,ml_eeg_deep_sleep,-3
803,84082.0078125,84098.0068125,ml_eeg_light_sleep,-2
804,84098.0078125,84122.0068125,ml_eeg_deep_sleep,-3
805,84122.0078125,84166.0068125,ml_eeg_rem_sleep,-1
806,84166.0078125,84194.0068125,ml_eeg_light_sleep,-2
807,84194.0078125,84234.0068125,ml_eeg_deep_sleep,-3
808,84234.0078125,84246.0068125,ml_eeg_light_sleep,-2
809,84246.0078125,84306.0068125,ml_eeg_deep_sleep,-3
810,84306.0078125,84318.0068125,ml_eeg_light_sleep,-2
811,84318.0078125,84374.0068125,ml_eeg_deep_sleep,-3
812,84374.0078125,84410.0068125,ml_eeg_rem_sleep,-1
813,84410.0078125,84437.657203125,ml_eeg_light_sleep,-2
814,84437.658203125,84501.657203125,ml_eeg_deep_sleep,-3
815,84501.658203125,84513.657203125,ml_eeg_light_sleep,-2
816,84513.658203125,84561.657203125,ml_eeg_deep_sleep,-3
817,84561.658203125,84577.657203125,ml_eeg_rem_sleep,-1
818,84577.658203125,84656.6865,ml_eeg_deep_sleep,-3
819,84656.6875,84702.84665625,ml_eeg_rem_sleep,-1
820,84702.84765625,84720.348609375,ml_eeg_active,0
821,84720.349609375,84732.348609375,ml_eeg_light_sleep,-2
822,84732.349609375,84812.348609375,ml_eeg_rem_sleep,-1
823,84812.349609375,84828.348609375,ml_eeg_light_sleep,-2
824,84828.349609375,84936.348609375,ml_eeg_deep_sleep,-3
825,84936.349609375,84952.348609375,ml_eeg_rem_sleep,-1
826,84952.349609375,84956.348609375,ml_eeg_deep_sleep,-3
827,84956.349609375,84968.348609375,ml_eeg_light_sleep,-2
828,84968.349609375,85048.348609375,ml_eeg_deep_sleep,-3
829,85048.349609375,85068.348609375,ml_eeg_light_sleep,-2
830,85068.349609375,85172.348609375,ml_eeg_deep_sleep,-3
831,85172.349609375,85216.46384375,ml_eeg_rem_sleep,-1
832,85216.46484375,85221.93259375,ml_eeg_active,0
833,85221.93359375,85237.93259375,ml_eeg_light_sleep,-2
834,85237.93359375,85313.93259375,ml_eeg_deep_sleep,-3
835,85313.93359375,85317.93259375,ml_eeg_light_sleep,-2
836,85317.93359375,85325.93259375,ml_eeg_rem_sleep,-1
837,85325.93359375,85341.93259375,ml_eeg_light_sleep,-2
838,85341.93359375,85345.93259375,ml_eeg_deep_sleep,-3
839,85345.93359375,85433.016578125,ml_eeg_rem_sleep,-1
840,85433.017578125,85437.264625,ml_eeg_active,0
841,85437.265625,85445.264625,ml_eeg_light_sleep,-2
842,85445.265625,85449.264625,ml_eeg_rem_sleep,-1
843,85449.265625,85457.264625,ml_eeg_deep_sleep,-3
844,85457.265625,85465.356421875,ml_eeg_light_sleep,-2
845,85465.357421875,85500.358375,ml_eeg_active,0
846,85500.359375,85564.358375,ml_eeg_deep_sleep,-3
847,85564.359375,85576.358375,ml_eeg_light_sleep,-2
848,85576.359375,85712.358375,ml_eeg_deep_sleep,-3
849,85712.359375,85736.358375,ml_eeg_light_sleep,-2
850,85736.359375,85904.358375,ml_eeg_deep_sleep,-3
851,85904.359375,85968.358375,ml_eeg_rem_sleep,-1
852,85968.359375,85984.358375,ml_eeg_light_sleep,-2
853,85984.359375,86004.358375,ml_eeg_deep_sleep,-3
854,86004.359375,86012.358375,ml_eeg_rem_sleep,-1
855,86012.359375,86024.358375,ml_eeg_light_sleep,-2
856,86024.359375,86125.3661875,ml_eeg_deep_sleep,-3
857,86125.3671875,86475.37790625,ml_eeg_active,0
858,86475.37890625,86572.875953125,ml_eeg_deep_sleep,-3
859,86572.876953125,86615.97265625,ml_eeg_active,0
